{"age":15.812999999999999,"callTime.hour":13.666,"numOfCalls":13.291,"city":12.978000000000002,"callTime.minute":9.037,"callTime.millisecond":6.7669999999999995,"callTime.second":5.985,"callTime.day-of-week":4.401999999999999,"gender":4.314,"internet":3.547,"callTime.day-of-month":3.4229999999999996,"cableTV":3.086,"period":2.565,"cellular":1.125}