{"numOfCalls":0.14547,"callTime.hour":0.14112,"age":0.13567,"city":0.12204,"callTime.second":0.09468,"callTime.minute":0.07844,"callTime.millisecond":0.07683,"cableTV":0.04413,"internet":0.03829,"gender":0.0382,"cellular":0.02849,"period":0.02843,"callTime.day-of-week":0.02821}