{"numOfCalls":15.15,"callTime.hour":13.754,"age":12.288,"city":10.777000000000001,"callTime.minute":8.509,"callTime.second":7.784000000000001,"callTime.millisecond":7.063,"callTime.day-of-month":4.9639999999999995,"cableTV":4.906,"gender":3.849,"internet":3.1329999999999996,"callTime.day-of-week":2.753,"cellular":2.666,"period":2.403}