{"callTime.hour":15.049000000000001,"age":14.286999999999999,"numOfCalls":14.097000000000001,"city":12.674,"callTime.day-of-month":10.125,"callTime.minute":8.408999999999999,"callTime.millisecond":8.006,"callTime.second":5.745,"cableTV":3.521,"callTime.day-of-week":2.702,"cellular":2.019,"gender":1.4409999999999998,"period":1.383,"internet":0.541}